업체명,카테고리명,술집여부,시도명,시군구명,읍면동명,리명,번지,도로명,경도,위도,주차가능여부,운영시간0,운영시간1,운영시간2,운영시간3,운영시간4,운영시간5,10대,20대,30대,40대,50대,60+대
4도씨,기타,1.0,부산광역시,강서구,명지동,,3446-9,명지국제6로242번길12-1,128.923944185144,35.0966937674981,Y,0.0,0.0,0.0,0.0,1.0,1.0,2,6,8,4,6,5
가롱집,기타,1.0,부산광역시,부산진구,전포동,,313-1,전포대로210번길30,129.067128240273,35.1553297102721,N,0.0,0.0,0.0,0.0,1.0,1.0,5,5,1,8,5,0
77돌곱창,아시아,0.0,부산광역시,사상구,감전동,,121-95,괘감로98,128.98507400195,35.157142212607,Y,0.0,0.0,0.0,1.0,1.0,0.0,5,1,36,7,1,8
A6양곱창,아시아,0.0,부산광역시,부산진구,부전동,,524-7,중앙대로691번길43,129.056588994893,35.1543018070958,N,0.0,0.0,0.0,0.0,1.0,1.0,0,6,6,8,3,6
1957 양갈비식당 덕천점,아시아,0.0,부산광역시,북구,덕천동,,402-13,만덕대로16번길23,129.007424954325,35.2094923563425,N,0.0,0.0,0.0,0.0,1.0,1.0,4,1,2,1,1,37
라이옥베트남쌀국수 부산대점,아시아,0.0,부산광역시,금정구,장전동,,296-24,장전로12번길8,129.087695756371,35.2280473450539,Y,0.0,0.0,1.0,1.0,1.0,0.0,32,3,5,4,2,7
라임하노이,아시아,0.0,부산광역시,영도구,동삼동,,231-97,웃서발로69,129.069733326411,35.0792898773532,N,0.0,0.0,0.0,1.0,1.0,1.0,37,6,1,4,7,1
라이옥베트남쌀국수,아시아,0.0,부산광역시,남구,대연동,,34-12,용소로7번길76,129.104087562809,35.1382730203544,N,0.0,0.0,1.0,1.0,1.0,0.0,7,0,40,9,2,9
다카라함바그 현대백화점 부산점,양식,0.0,부산광역시,동구,범일동,,62-5,범일로125,129.058619213805,35.1412854132325,Y,0.0,0.0,1.0,1.0,1.0,0.0,7,9,3,5,31,6
restaurant 36,양식,0.0,부산광역시,사상구,모라동,,471,모라로99,128.990517324058,35.1865197586128,Y,0.0,0.0,0.0,1.0,1.0,0.0,5,2,8,9,9,7
209ST,양식,0.0,부산광역시,부산진구,전포동,,687-11,전포대로209번길17-3,129.064297127087,35.1552050972885,N,0.0,0.0,0.0,1.0,1.0,1.0,24,3,4,6,4,4
5KITCHEN,양식,0.0,부산광역시,북구,화명동,,2297-10,화명대로12번길88,129.008762787352,35.2310152317987,Y,0.0,0.0,0.0,1.0,1.0,1.0,23,1,4,2,1,0
Boo burger&coffee,양식,0.0,부산광역시,남구,대연동,,369-5,수영로266번길36,129.097138991909,35.1345624826757,Y,0.0,0.0,1.0,1.0,1.0,1.0,2,8,6,9,2,5
94스트리트더테라스,양식,0.0,부산광역시,해운대구,중동,,1809,좌동순환로433번길30-1,129.179846083607,35.1625239006237,N,0.0,0.0,0.0,1.0,1.0,1.0,6,5,43,7,3,7
라이프버거,양식,0.0,부산광역시,중구,중앙동2가,,24-1,중앙대로49번길7,129.035545310967,35.1018897672269,N,0.0,0.0,0.0,1.0,1.0,0.0,8,35,5,0,4,2
로위버거,양식,0.0,부산광역시,부산진구,부전동,,168-144,서전로10번길31-4,129.060046433934,35.156338960098,N,0.0,0.0,0.0,1.0,1.0,0.0,9,5,7,2,5,6
303화덕,양식,0.0,부산광역시,해운대구,송정동,,446-8,송정광어골로93,129.196827646451,35.173352602481,Y,0.0,0.0,0.0,1.0,1.0,0.0,3,1,5,3,8,7
303화덕 동래점,양식,0.0,부산광역시,동래구,온천동,,303-4,차밭골로37,129.07744098643,35.2171307665795,Y,0.0,0.0,0.0,1.0,1.0,0.0,6,3,6,3,2,9
3FOUND,양식,0.0,부산광역시,부산진구,부전동,,198-2,중앙대로680번가길5,129.060707200907,35.153671607964,N,0.0,0.0,0.0,1.0,1.0,1.0,5,0,7,5,1,3
808westdoor,양식,0.0,부산광역시,남구,문현동,,742-6,전포대로77번길22,129.06541884952,35.1438462202552,N,0.0,0.0,0.0,1.0,1.0,1.0,6,7,8,9,43,9
가디나,양식,0.0,부산광역시,부산진구,당감동,,422,당감로37-12,129.038765208074,35.16511218179,Y,0.0,0.0,0.0,1.0,1.0,1.0,9,8,3,7,5,8
GAB148,양식,0.0,부산광역시,수영구,남천동,,148-5,광안해변로122,129.115153291703,35.1457666240712,Y,0.0,0.0,0.0,1.0,1.0,1.0,38,2,3,7,2,0
가미레스토랑,양식,0.0,부산광역시,부산진구,부전동,,266-25,중앙대로743번길6,129.059836867352,35.1592545713082,N,0.0,0.0,0.0,1.0,1.0,0.0,8,1,8,9,8,32
뜨라또리아단테,양식,0.0,부산광역시,수영구,민락동,,184-5,광남로156-1,129.118497054532,35.155090517008,N,0.0,0.0,0.0,1.0,1.0,1.0,2,5,1,7,1,8
125슬로우스모크,양식,0.0,부산광역시,수영구,광안동,,106-2,수영로652번길80,129.118768427278,35.163583461941,N,0.0,0.0,0.0,0.0,1.0,1.0,4,5,5,23,7,0
11자리,양식,1.0,부산광역시,부산진구,부전동,,524-40,부전로40,129.055917556533,35.1538854152659,N,0.0,0.0,0.0,0.0,1.0,1.0,3,3,0,6,4,4
가배참치,일식,0.0,부산광역시,기장군,기장읍,교리,353-1,차성동로172,129.217393861124,35.2529905127049,N,0.0,0.0,0.0,0.0,1.0,1.0,2,32,1,5,1,6
가가참치,일식,0.0,부산광역시,동래구,사직동,,142-12,여고북로228,129.077124858276,35.202333270585,N,0.0,1.0,1.0,1.0,1.0,1.0,0,0,22,3,9,4
라멘만땅,일식,0.0,부산광역시,북구,덕천동,,401-22,덕천1길33-1,129.007328178059,35.2101760782495,Y,0.0,0.0,1.0,1.0,1.0,0.0,9,0,2,6,7,1
가츠모토,일식,0.0,부산광역시,부산진구,개금동,,1-20,백양관문로77번길41,129.027875252294,35.164216078813,Y,0.0,0.0,0.0,1.0,0.0,0.0,0,5,1,6,7,9
11호11번가,일식,0.0,부산광역시,기장군,기장읍,대변리,245-23,기장해안로668,129.233310528923,35.2204424183548,Y,0.0,0.0,1.0,1.0,1.0,0.0,0,1,5,33,8,4
37한영우럭형님,일식,0.0,부산광역시,수영구,민락동,,113-51,광안해변로312번길60,129.127895596674,35.1542353595669,Y,0.0,0.0,1.0,1.0,1.0,0.0,2,1,8,4,0,7
가덕활어,일식,0.0,부산광역시,사하구,다대동,,680-2,다대동로20,128.971974437887,35.0551595159102,N,0.0,0.0,1.0,1.0,1.0,0.0,5,6,6,5,5,31
가빈초장,일식,0.0,부산광역시,기장군,기장읍,대라리,72-1,읍내로104번길16,129.214868447476,35.2436967879139,N,0.0,0.0,1.0,1.0,1.0,1.0,5,34,2,8,20,2
가쯔렛 화명동직영점,일식,0.0,부산광역시,북구,화명동,,2268-1,화명신도시로132,129.01131308537,35.2359140098595,Y,0.0,0.0,1.0,1.0,1.0,1.0,7,2,30,0,2,3
88활어,일식,0.0,부산광역시,사하구,다대동,,681,다대동로13,128.971235341381,35.0548685100129,N,0.0,0.0,1.0,1.0,1.0,1.0,1,2,5,2,3,1
15번식당,일식,0.0,부산광역시,기장군,일광면,이천리,874-13,이천길31-1,129.237098803683,35.2652059700241,N,0.0,0.0,0.0,1.0,1.0,0.0,1,6,9,5,24,6
1식당,일식,0.0,부산광역시,연제구,거제동,,41-64,거제대로178번길59,129.073545357882,35.1837451246003,N,0.0,0.0,0.0,1.0,1.0,0.0,1,5,7,2,8,2
302돈까스,일식,0.0,부산광역시,강서구,신호동,,232-20,신호산단5로51-1,128.878712610769,35.0834541575805,Y,0.0,0.0,0.0,1.0,1.0,0.0,9,1,0,0,3,0
303일상,일식,0.0,부산광역시,동래구,온천동,,200-16,차밭골로36-4,129.077730376894,35.2169666007393,Y,0.0,0.0,0.0,1.0,1.0,0.0,0,8,1,2,4,4
동화집,일식,0.0,부산광역시,수영구,남천동,,29-4,남천바다로10번길70,129.110730090485,35.1467236910146,Y,0.0,0.0,0.0,1.0,1.0,0.0,7,3,23,1,0,0
1번가횟집,일식,0.0,부산광역시,북구,구포동,,592-20,구포시장6길11-1,129.003700843784,35.2073344225954,N,0.0,0.0,0.0,1.0,1.0,1.0,6,0,5,9,31,2
가젠스시,일식,0.0,부산광역시,금정구,구서동,,201-40,중앙대로1893번길16,129.090308126432,35.2534805632329,N,0.0,0.0,0.0,1.0,1.0,1.0,25,0,0,9,4,5
동일참치본점,일식,0.0,부산광역시,해운대구,중동,,1394-328,좌동로108,129.176816603325,35.1728756143114,Y,0.0,0.0,0.0,1.0,1.0,1.0,4,3,4,1,1,0
4번이모집,일식,0.0,부산광역시,기장군,일광면,학리,251-11,학리등대로101,129.247357610542,35.2591233931048,Y,0.0,0.0,1.0,1.0,1.0,0.0,9,8,9,0,6,9
가가와,일식,0.0,부산광역시,부산진구,범천동,,847-37,중앙번영로6,129.059801953944,35.1447681647458,N,0.0,0.0,0.0,1.0,1.0,0.0,0,6,21,0,6,9
E조은참치,일식,0.0,부산광역시,중구,중앙동4가,,88-6,충장대로5번길8,129.037103809136,35.1059718342383,Y,0.0,0.0,0.0,1.0,1.0,0.0,6,43,7,2,3,5
12호흥광호,일식,0.0,부산광역시,남구,용호동,,7,,129.117811989584,35.1279634686423,Y,0.0,0.0,0.0,1.0,1.0,0.0,1,3,4,30,1,0
가빈횟집,일식,0.0,부산광역시,해운대구,중동,,1028,달맞이길62번가길33,129.171743752647,35.158568574253,N,0.0,0.0,0.0,0.0,1.0,1.0,22,1,3,5,5,2
니하오 중식뷔페,중식,0.0,부산광역시,사하구,하단동,,1186-4,하신번영로201번길20,128.957156748878,35.0992082002786,Y,0.0,0.0,0.0,1.0,1.0,0.0,9,9,8,8,2,2
라라관,중식,0.0,부산광역시,부산진구,부전동,,224-6,동천로47-1,129.062091471187,35.1530435569857,N,0.0,0.0,0.0,1.0,1.0,1.0,3,0,9,2,42,30
희양양훠궈성 본점,중식,0.0,부산광역시,사상구,사직동,,93-6,사상로275,128.982244338201,35.1693858558721,N,0.0,0.0,0.0,0.0,1.0,1.0,9,0,6,9,24,8
836프리미엄치킨,한식,0.0,부산광역시,기장군,일광면,삼성리,869-4,해송1로19,129.229299936184,35.2676239240444,Y,0.0,0.0,0.0,0.0,1.0,1.0,2,8,4,22,9,7
가야목살찌개,한식,0.0,부산광역시,부산진구,가야동,,산33-3,엄광로152,129.030191184103,35.1471967808707,Y,0.0,0.0,1.0,1.0,0.0,0.0,2,9,3,34,30,5
두구동시래기,한식,0.0,부산광역시,금정구,두구동,,240-2,두구중리2길2,129.112166437807,35.2964290373765,N,0.0,0.0,1.0,1.0,1.0,0.0,9,4,5,4,3,8
가온분식,한식,0.0,부산광역시,북구,구포동,,987-14,백양대로1095-1,128.999181475158,35.2026526996115,N,0.0,0.0,1.0,1.0,1.0,0.0,4,7,6,3,4,3
24시분식,한식,0.0,부산광역시,기장군,기장읍,대라리,406-3,차성로265,129.213229677005,35.2410701925658,N,0.0,0.0,1.0,1.0,1.0,1.0,0,5,5,4,4,1
가야골프스낵,한식,0.0,부산광역시,부산진구,가야동,,251-1,가야대로545,129.031434217414,35.1551918074257,Y,0.0,0.0,1.0,1.0,1.0,1.0,1,5,6,0,7,5
부산진명가설렁탕 본점,한식,0.0,부산광역시,강서구,대저2동,,3153-1,유통단지1로41,128.955639822974,35.1672633350942,Y,0.0,0.0,1.0,1.0,1.0,0.0,2,9,8,36,3,0
JVL부대찌개,한식,0.0,부산광역시,중구,중앙동6가,,20-1,중앙대로2,129.036702280144,35.0983052368383,Y,0.0,0.0,1.0,1.0,1.0,0.0,6,1,1,4,7,7
가야밀면 범일점,한식,0.0,부산광역시,동구,범일동,,668-42,범일로89번길53,129.058639819617,35.1400116244584,N,0.0,0.0,1.0,1.0,0.0,0.0,4,4,9,8,0,2
가얏골감자탕 부산 금곡점,한식,0.0,부산광역시,북구,금곡동,,1874-3,금곡대로469,129.011366100309,35.2499987192644,Y,0.0,0.0,1.0,1.0,1.0,0.0,2,1,5,9,24,7
가연장 미역국정찬 대연점,한식,0.0,부산광역시,남구,대연동,,881-6,유엔평화로47,129.092363018423,35.1306240185066,Y,0.0,0.0,1.0,1.0,1.0,0.0,2,3,7,8,2,6
33떡볶이 부산화명점,한식,0.0,부산광역시,북구,화명동,,2337,금곡대로175,129.009107853271,35.2249593588973,Y,0.0,0.0,1.0,1.0,1.0,1.0,2,7,5,6,8,5
희자매조개구이,한식,0.0,부산광역시,서구,암남동,,620-28,,129.021530267483,35.062589836056,Y,0.0,0.0,1.0,1.0,1.0,1.0,1,6,7,8,1,0
E도시락,한식,0.0,부산광역시,남구,문현동,,815,자성로152,129.066884505367,35.1365082852064,Y,0.0,0.0,0.0,1.0,1.0,0.0,8,2,4,4,27,0
365꼬막정찬,한식,0.0,부산광역시,사하구,당리동,,321-1,낙동대로388,128.97576187676,35.1030771412059,Y,0.0,0.0,0.0,1.0,1.0,0.0,6,6,7,8,9,4
가마솥돼지국밥,한식,0.0,부산광역시,사상구,주례동,,507-14,가야대로284번길7,129.004017807197,35.1497776006645,N,0.0,0.0,0.0,1.0,1.0,0.0,30,4,6,8,2,2
부산맛집 생선구이&장어탕,한식,0.0,부산광역시,연제구,연산동,,489-35,과정로132번길10,129.107724586483,35.1830479299791,N,0.0,0.0,0.0,1.0,1.0,0.0,1,6,8,2,9,23
1974골목,한식,0.0,부산광역시,부산진구,부전동,,516-3,가야대로784번길46,129.057100043992,35.1555069999833,N,0.0,0.0,0.0,1.0,1.0,1.0,6,0,1,1,6,28
1등숯불갈비,한식,0.0,부산광역시,사하구,괴정동,,951-1,사하로185번길8,128.993059970547,35.0984680803714,Y,0.0,0.0,0.0,1.0,1.0,1.0,3,3,3,5,3,2
3678통장어,한식,0.0,부산광역시,서구,동대신동1가,,153-15,구덕로280번길17,129.019624723765,35.1095825991604,N,0.0,0.0,0.0,1.0,1.0,1.0,7,1,4,0,2,6
88고기집,한식,0.0,부산광역시,서구,서대신동1가,,157-3,대영로34,129.015139296735,35.1092298695651,Y,0.0,0.0,0.0,1.0,1.0,1.0,2,8,5,5,6,4
가우리 본점,한식,0.0,부산광역시,사하구,하단동,,505-15,낙동남로1423번길70,128.965690220752,35.1094222879663,Y,0.0,0.0,0.0,1.0,1.0,1.0,1,8,5,7,8,4
83해치,한식,0.0,부산광역시,부산진구,부전동,,142-8,서전로11-1,129.06107877091,35.157984887554,N,0.0,0.0,0.0,0.0,1.0,1.0,1,34,8,7,1,1
3초등심,한식,0.0,부산광역시,연제구,연산동,,632-27,고분로31번길4,129.085986012312,35.1859110193546,N,0.0,0.0,0.0,0.0,1.0,1.0,5,5,4,5,36,5
3호해녀아지매,한식,0.0,부산광역시,기장군,기장읍,대변리,245-23,기장해안로668,129.233310528923,35.2204424183548,Y,0.0,0.0,1.0,1.0,1.0,0.0,7,6,0,4,38,4
가촌이야기,한식,0.0,부산광역시,수영구,광안동,,95-10,무학로21번길50,129.11674587996,35.1638121645859,N,0.0,0.0,1.0,1.0,1.0,0.0,1,8,2,31,34,1
다원한방돼지국밥 본점,한식,0.0,부산광역시,사상구,엄궁동,,556-1,낙동대로809,128.97160541616,35.1324529436377,N,0.0,0.0,1.0,1.0,1.0,0.0,4,0,1,7,0,4
원조가야돼지국밥,한식,0.0,부산광역시,부산진구,가야동,,632-5,가야대로454번길11,129.021904186849,35.1524917910864,N,0.0,0.0,1.0,1.0,1.0,0.0,0,7,8,2,3,4
88완당집,한식,0.0,부산광역시,해운대구,반송동,,22-29,반송로924번길3-1,129.154829724396,35.2325408012334,N,0.0,0.0,1.0,1.0,0.0,0.0,8,4,4,1,24,27
168도시락국,한식,0.0,부산광역시,동구,초량동,,994-130,영초길191,129.035779484021,35.1170831994149,N,0.0,0.0,1.0,1.0,1.0,0.0,2,8,8,30,1,1
가야골밀면,한식,0.0,부산광역시,연제구,연산동,,1141-8,거제천로174,129.078332909509,35.1889232783564,N,0.0,0.0,1.0,1.0,1.0,0.0,9,7,1,6,7,0
가야정삼계탕,한식,0.0,부산광역시,사상구,학장동,,433-2,학감대로123번길68,128.984548164096,35.141172329616,Y,0.0,0.0,1.0,1.0,1.0,0.0,9,2,6,6,7,1
가온밀면 사직점,한식,0.0,부산광역시,동래구,온천동,,1266-17,아시아드대로195번길7,129.065002211083,35.2018067016643,N,0.0,0.0,1.0,1.0,1.0,0.0,0,22,37,4,4,6
100세영양탕,한식,0.0,부산광역시,연제구,연산동,,478-36,고분로235번길17,129.107776008166,35.1853794968749,N,0.0,0.0,1.0,1.0,1.0,1.0,2,1,4,9,9,3
3.3숯불갈비,한식,0.0,부산광역시,영도구,영선동1가,,20-1,절영로19번길64,129.0431725082,35.0913983306379,N,0.0,0.0,1.0,1.0,1.0,1.0,1,7,5,4,9,8
가고파대구탕,한식,0.0,부산광역시,부산진구,당감동,,289-25,동평로94번길9,129.040099543585,35.1650831405038,N,0.0,0.0,1.0,1.0,1.0,1.0,7,2,8,7,0,0
가남추어탕,한식,0.0,부산광역시,북구,구포동,,584-14,낙동대로1766번길6,129.002271527745,35.2090858712001,N,0.0,0.0,1.0,1.0,1.0,1.0,3,9,0,9,6,26
가야포차선지국밥 연산점,한식,0.0,부산광역시,연제구,연산동,,383-41,과정로244,129.10051986368,35.1880022633632,Y,0.0,0.0,1.0,1.0,1.0,1.0,2,4,1,8,1,8
가자미매운탕 & 불고기밥상,한식,0.0,부산광역시,부산진구,부전동,,502-16,서면로65-6,129.0574778168,35.1565328612124,N,0.0,0.0,1.0,1.0,1.0,1.0,7,1,1,6,3,5
녹우원,한식,0.0,부산광역시,금정구,부곡동,,63-15,중앙대로1763번길27,129.091115338436,35.2415072905494,N,0.0,0.0,1.0,1.0,1.0,1.0,2,2,0,4,4,5
40계단 달팽이식당,한식,0.0,부산광역시,중구,중앙동3가,,14-9,대청로137번길4-1,129.035130616539,35.1032533981518,N,0.0,0.0,0.0,1.0,0.0,0.0,25,3,4,0,9,9
가야할매 밀면,한식,0.0,부산광역시,연제구,연산동,,1279-1,월드컵대로145번길32,129.079860844429,35.1851697349329,Y,0.0,0.0,0.0,1.0,1.0,0.0,9,29,8,8,7,2
부전소머리곰탕,한식,0.0,부산광역시,부산진구,부전동,,469-2,가야대로765번길23,129.055101446992,35.1588276910632,N,0.0,0.0,0.0,1.0,1.0,0.0,5,1,43,7,7,6
101남산돈까스,한식,0.0,부산광역시,연제구,거제동,,1208,종합운동장로7,129.061898096683,35.1912303688365,Y,0.0,0.0,0.0,1.0,1.0,0.0,3,9,0,2,6,1
1986옛날돈까스,한식,0.0,부산광역시,금정구,장전동,,153-4,수림로71번길43,129.084811580501,35.237939471078,N,0.0,0.0,0.0,1.0,1.0,0.0,0,36,43,6,0,8
39아구찜,한식,0.0,부산광역시,동구,좌천동,,426-1,정공단로39,129.05474092345,35.1360764214302,N,0.0,0.0,0.0,1.0,1.0,0.0,1,5,3,5,3,7
7080돼지국밥,한식,0.0,부산광역시,해운대구,반여동,,1291-1381,해운대로61번길75,129.126923189701,35.195276308989,N,0.0,0.0,0.0,1.0,1.0,0.0,40,2,9,22,7,2
가고파대구뽈찜,한식,0.0,부산광역시,금정구,부곡동,,273-13,부곡로147-1,129.091930382535,35.2290942741579,Y,0.0,0.0,0.0,1.0,1.0,0.0,0,1,1,2,0,5
가마솥뚝배기,한식,0.0,부산광역시,금정구,남산동,,45-63,범어천로38번길23,129.091266177002,35.2697072831117,N,0.0,0.0,0.0,1.0,1.0,0.0,25,8,5,0,43,9
가미아구찜,한식,0.0,부산광역시,금정구,청룡동,,632-3,범어사로423,129.084974094325,35.2758538819148,Y,0.0,0.0,0.0,1.0,1.0,0.0,4,3,8,8,1,5
가야골추어탕,한식,0.0,부산광역시,부산진구,가야동,,484-8,가야공원로55-1,129.030243209525,35.1483767855726,N,0.0,0.0,0.0,1.0,1.0,0.0,1,20,32,1,2,5
가야대구뽈찜,한식,0.0,부산광역시,부산진구,가야동,,374-4,대학로11-6,129.037477551767,35.1541755942612,N,0.0,0.0,0.0,1.0,1.0,0.0,9,8,4,7,8,9
가온밀면 반여점,한식,0.0,부산광역시,해운대구,반여동,,883-12,선수촌로174-2,129.123662984935,35.2083469927678,N,0.0,0.0,0.0,1.0,1.0,0.0,4,3,3,1,2,2
JVL부대찌개 신세계백화점센텀시티몰점,한식,0.0,부산광역시,해운대구,우동,,1493,센텀4로15,129.128290064333,35.1698614848869,Y,0.0,0.0,0.0,1.0,1.0,0.0,0,0,5,5,9,4
3대아구찜뽈찜,한식,0.0,부산광역시,연제구,연산동,,774-2,월드컵대로47번길31,129.08310370809,35.1782942408709,N,0.0,0.0,0.0,1.0,1.0,1.0,9,8,1,9,7,9
3대천왕 이가네 떡볶이 금정점,한식,0.0,부산광역시,금정구,장전동,,158-2,수림로57,129.086184256386,35.2398193369524,N,0.0,0.0,0.0,1.0,1.0,1.0,4,8,8,4,3,38
5리3계촌,한식,0.0,부산광역시,금정구,부곡동,,325-30,서부곡로5번길51,129.090420727381,35.2235933974625,N,0.0,0.0,0.0,1.0,1.0,1.0,6,0,6,4,4,6
가야축산숯불생고기,한식,0.0,부산광역시,북구,화명동,,1388-8,금곡대로306번길14,129.014528847954,35.2351948989835,N,0.0,0.0,0.0,1.0,1.0,1.0,8,8,3,5,3,9
가촌유황오리,한식,0.0,부산광역시,수영구,망미동,,963-68,연수로241번길20,129.097400681456,35.1740438850311,N,0.0,0.0,0.0,1.0,1.0,1.0,37,7,24,31,8,6
냉정종가김치찜,한식,0.0,부산광역시,사상구,주례동,,166-191,가야대로344번길74,129.010335976047,35.1475611730696,N,0.0,0.0,0.0,1.0,1.0,1.0,6,2,6,4,8,8
102족발보쌈,한식,0.0,부산광역시,사상구,학장동,,571-4,학감대로109-39,128.987813720321,35.1393984570046,N,0.0,0.0,0.0,1.0,1.0,1.0,26,33,2,6,3,0
2900대패짱,한식,0.0,부산광역시,사하구,당리동,,331-48,괴정로114,128.976165737926,35.1016965215275,N,0.0,0.0,0.0,1.0,1.0,1.0,3,9,4,2,2,8
13호가마솥통닭,한식,0.0,부산광역시,북구,덕천동,,322-7,만덕대로39번길52,129.008695883709,35.2133879649224,N,0.0,0.0,0.0,1.0,1.0,1.0,6,9,39,27,5,2
가마꽃돼지국밥,한식,0.0,부산광역시,동래구,명장동,,300-55,명서로160,129.101497313672,35.209166913081,Y,0.0,0.0,1.0,1.0,1.0,0.0,4,7,0,0,0,2
부산명가국밥,한식,0.0,부산광역시,연제구,연산동,,581-1,거제천로266,129.085933691413,35.1916951018786,N,0.0,0.0,1.0,1.0,1.0,0.0,6,3,4,8,7,8
가얏골감자탕 부산지사점,한식,0.0,부산광역시,강서구,지사동,,1193-7,과학산단로334번나길28,128.834241420557,35.1502764834585,Y,0.0,0.0,1.0,1.0,1.0,1.0,8,35,8,9,8,5
가미가식당,한식,0.0,부산광역시,중구,광복동2가,,2-41,광복로67번길11,129.032441932141,35.099151694456,N,0.0,0.0,1.0,1.0,0.0,0.0,3,3,9,1,0,31
가미국수,한식,0.0,부산광역시,금정구,두구동,,601-15,체육공원로521,129.108803154411,35.2877643747328,N,0.0,0.0,1.0,1.0,1.0,0.0,5,4,0,4,9,1
흥남밀면냉면,한식,0.0,부산광역시,강서구,명지동,,3264-9,명지오션시티8로42번길16-12,128.910321794135,35.0851686082713,Y,0.0,0.0,1.0,1.0,1.0,0.0,7,8,6,7,5,3
1237분식,한식,0.0,부산광역시,연제구,연산동,,2133-41,배산로14-1,129.09378184825,35.1742311330351,N,0.0,0.0,1.0,1.0,1.0,0.0,22,7,4,5,2,5
가야밀면칼국수,한식,0.0,부산광역시,사상구,덕포동,,426-9,사상로288-1,128.982927969702,35.1704367030136,N,0.0,0.0,1.0,1.0,1.0,0.0,29,0,20,8,8,2
노홍만두,한식,0.0,부산광역시,해운대구,중동,,1394-106,구남로41번길26-4,129.162459926217,35.1614021894196,N,0.0,0.0,1.0,1.0,1.0,0.0,0,8,2,5,3,3
다와푸드 센텀,한식,0.0,부산광역시,해운대구,우동,,1470,센텀중앙로48,129.1298516354,35.1730246419521,Y,0.0,0.0,0.0,1.0,0.0,0.0,3,7,0,8,1,6
가락한식뷔페,한식,0.0,부산광역시,강서구,죽림동,,715-2,식만로4,128.901558834279,35.1964180211591,Y,0.0,0.0,0.0,1.0,1.0,0.0,2,7,34,6,8,2
가야할매밀면전문점,한식,0.0,부산광역시,금정구,남산동,,103-10,범어천로21번길25,129.090963967692,35.2670313801875,N,0.0,0.0,0.0,1.0,1.0,0.0,7,1,8,34,3,8
가복밀면,한식,0.0,부산광역시,해운대구,재송동,,1117-39,재반로65,129.126111854455,35.1844090398414,N,0.0,0.0,0.0,1.0,1.0,0.0,9,35,4,6,8,1
뜰아래채,한식,0.0,부산광역시,해운대구,우동,,1516,센텀2로20,129.132050057309,35.1671871417415,Y,0.0,0.0,0.0,1.0,1.0,0.0,9,8,3,2,2,4
60년광복동김치국수,한식,0.0,부산광역시,중구,부평동2가,,76-8,중구로47번길45,129.025472989788,35.1021740990455,N,0.0,0.0,0.0,1.0,1.0,0.0,1,6,4,35,0,8
가마실,한식,0.0,부산광역시,금정구,부곡동,,324-2,부곡로94-1,129.091567024369,35.2242908578911,Y,0.0,0.0,0.0,1.0,1.0,0.0,22,2,9,0,3,4
88돼지갈비,한식,0.0,부산광역시,동구,수정동,,301-3,고관로101-1,129.045616999575,35.1280598884462,N,0.0,0.0,0.0,1.0,1.0,1.0,0,2,0,7,0,1
가마솥통닭꾸러기,한식,0.0,부산광역시,기장군,기장읍,대라리,164-16,대청로16,129.211967393714,35.237753681966,N,0.0,0.0,0.0,0.0,1.0,1.0,28,32,6,6,5,7
88간바지,한식,0.0,부산광역시,해운대구,재송동,,1098-1,해운대로143번길14,129.121940951309,35.1844877012449,N,0.0,0.0,0.0,0.0,1.0,1.0,2,0,4,8,2,6
DK동키치킨,한식,0.0,부산광역시,기장군,기장읍,교리,349-4,차성동로154번길6,129.21782706611,35.2513991314142,N,0.0,0.0,0.0,0.0,1.0,1.0,0,6,7,5,2,1
가마솥통닭 범일점,한식,0.0,부산광역시,부산진구,범천동,,871-27,신천대로71번길45,129.057699306926,35.1474085325122,N,0.0,0.0,0.0,0.0,1.0,1.0,0,1,1,23,5,6
16돈,한식,0.0,부산광역시,수영구,광안동,,167-59,광안로16번길65,129.11319157088,35.1538649711286,N,0.0,0.0,0.0,0.0,1.0,1.0,3,0,3,9,3,3
70년대식연탄구이,한식,0.0,부산광역시,동래구,안락동,,442-24,안락로45,129.102048091002,35.2001685642381,Y,0.0,0.0,0.0,0.0,1.0,1.0,3,22,7,6,9,4
가야맷돌순두부,한식,0.0,부산광역시,부산진구,가야동,,484-8,가야공원로70,129.029830971426,35.1471997073157,N,0.0,0.0,1.0,1.0,1.0,0.0,2,3,7,25,2,7
가야포차 선지국밥 온천장점,한식,0.0,부산광역시,금정구,장전동,,653-46,온천장로125번길12,129.084524784338,35.2225499597144,N,0.0,0.0,1.0,1.0,1.0,1.0,30,6,1,3,7,9
가족식당,한식,0.0,부산광역시,사상구,감전동,,501-22,낙동대로916번길25,128.971487724362,35.1428486370781,N,0.0,0.0,1.0,1.0,1.0,0.0,5,0,41,4,3,8
가연장미역국정찬 부산송정점,한식,0.0,부산광역시,해운대구,기장읍,대라리,417-17,해운대로1070,129.199476455355,35.1809992743036,Y,0.0,0.0,1.0,1.0,1.0,0.0,0,5,0,7,8,30
가송추어탕,한식,0.0,부산광역시,부산진구,부암동,,666-4,시민공원로22,129.052151738097,35.1630177000131,Y,0.0,0.0,1.0,1.0,1.0,0.0,8,7,1,4,2,4
가야포차선지국밥 거제리점,한식,0.0,부산광역시,연제구,거제동,,577-5,거제시장로22번길38,129.072201703451,35.1827522429633,N,0.0,0.0,1.0,1.0,1.0,0.0,7,4,7,0,5,0
ROUTE66,기타,1.0,부산광역시,남구,대연동,,1722-43,유엔로183번길66,129.096398027191,35.1331558262298,N,1.0,0.0,0.0,0.0,1.0,1.0,2,4,7,0,0,9
3FLOOR,기타,1.0,부산광역시,남구,대연동,,62-5,용소로14번길15,129.099999857947,35.1356759055297,N,1.0,0.0,0.0,0.0,1.0,1.0,3,9,0,5,9,7
5FLOOR,기타,1.0,부산광역시,남구,대연동,,62-5,용소로14번길15,129.099999857947,35.1356759055297,N,1.0,0.0,0.0,0.0,1.0,1.0,2,5,42,2,41,9
2도비어 온천장점,기타,1.0,부산광역시,동래구,온천동,,213,금강로124번길25,129.08150557104,35.2195288943553,N,1.0,0.0,0.0,0.0,1.0,1.0,2,0,9,5,8,9
13579,기타,1.0,부산광역시,서구,충무동2가,,6-2,천마로220,129.022413557315,35.0950855224,N,1.0,0.0,0.0,0.0,1.0,1.0,9,3,1,21,3,34
1865이탈리아,양식,0.0,부산광역시,해운대구,재송동,,1212,센텀중앙로90,129.125877297588,35.1755834176929,Y,1.0,0.0,0.0,0.0,1.0,1.0,8,40,5,1,7,6
가두리횟집,일식,0.0,부산광역시,기장군,일광면,삼성리,848-7,해빛6로55,129.226185907182,35.2628179737115,Y,1.0,0.0,0.0,0.0,1.0,1.0,1,2,9,8,1,8
2Chef 본점,일식,0.0,부산광역시,중구,중앙동3가,,10-1,해관로49-1,129.035453080318,35.1034003966707,N,1.0,1.0,1.0,0.0,1.0,1.0,3,4,9,6,8,5
11번지,일식,1.0,부산광역시,동래구,온천동,,707-1,중앙대로1367번길55,129.074819857469,35.2100448945569,N,1.0,0.0,0.0,0.0,1.0,1.0,0,1,34,1,2,9
두툼연어,일식,1.0,부산광역시,부산진구,부전동,,168-342,동천로85번길11,129.061599372169,35.1562045357109,N,1.0,0.0,0.0,0.0,1.0,1.0,3,7,1,8,8,9
가마산,일식,1.0,부산광역시,수영구,민락동,,177-1,광안해변로263,129.122639564934,35.1557193179273,Y,1.0,0.0,0.0,1.0,1.0,1.0,8,9,3,6,5,9
83비프,한식,0.0,부산광역시,동래구,명륜동,,548-4,명륜로129번다길11-1,129.079349648488,35.205703020155,N,1.0,0.0,0.0,0.0,1.0,1.0,5,6,8,2,0,7
내껍데기돌리도,한식,0.0,부산광역시,중구,부평동2가,,33-6,광복로6번길3,129.025802534097,35.0993059554995,N,1.0,0.0,0.0,0.0,1.0,1.0,5,4,3,1,7,0
776막창,한식,0.0,부산광역시,북구,덕천동,,776,만덕대로142번길43-2,129.020398428746,35.211150899011,N,1.0,0.0,0.0,1.0,1.0,1.0,9,5,3,5,4,3
1등가마솥돼지국밥,한식,0.0,부산광역시,중구,부평동2가,,42-4,비프광장로5,129.025863795211,35.0984489156712,N,1.0,1.0,1.0,1.0,1.0,1.0,0,5,9,3,8,4
24시약수터해장국,한식,0.0,부산광역시,금정구,구서동,,1012-6,금샘로421,129.084146098306,35.2605524231121,N,1.0,1.0,1.0,1.0,1.0,1.0,9,3,1,9,2,1
부산순대돼지국밥,한식,0.0,부산광역시,중구,중앙동2가,,49-45,대청로138,129.035119317833,35.1026918330501,N,1.0,1.0,1.0,1.0,1.0,1.0,35,5,6,3,0,4
DK분식,한식,0.0,부산광역시,부산진구,부전동,,254-17,서면로68번길51,129.058552109219,35.1547408926916,N,1.0,1.0,1.0,1.0,1.0,1.0,7,3,6,39,1,4
3BB,한식,1.0,부산광역시,동래구,명륜동,,533-115,명륜로129번길54,129.079333783688,35.2054453701913,N,1.0,0.0,0.0,0.0,0.0,1.0,7,7,7,1,6,8
109IN,기타,0.0,부산광역시,중구,신창동4가,,44-3,국제시장2길33,129.028312505901,35.1024676015828,N,,,,,,,6,3,5,3,8,4
2층으로 드루와,기타,1.0,부산광역시,영도구,동삼동,,812-10,태종로768,129.08087723328,35.0678622694493,N,,,,,,,5,7,8,3,7,2
345 비어,기타,1.0,부산광역시,해운대구,우동,,1435,마린시티3로23,129.146930578457,35.1566471286291,Y,,,,,,,1,6,29,4,3,7
74번가,기타,1.0,부산광역시,사하구,하단동,,490-3,낙동대로549번길1,128.963726257982,35.1125535701512,N,,,,,,,4,8,3,8,4,5
7번가데이,기타,1.0,부산광역시,영도구,영선동1가,,21-2,절영로19번길62,129.043059970287,35.0914104923978,N,,,,,,,7,8,1,2,4,4
가라지,기타,1.0,부산광역시,부산진구,부전동,,215-3,중앙대로680번가길15,129.06065054749,35.1541367559376,N,,,,,,,7,4,0,3,31,7
BB타운 덕포점,기타,1.0,부산광역시,사상구,삼락동,,411-35,사상로309번길38,128.981311746972,35.1726258608975,N,,,,,,,0,3,6,8,0,32
BE,기타,1.0,부산광역시,연제구,연산동,,490-13,과정로109,129.106959323156,35.1811654561201,N,,,,,,,5,8,0,32,4,9
CEO바,기타,1.0,부산광역시,부산진구,부전동,,404-27,서면문화로46,129.055665354661,35.1612629946336,N,,,,,,,2,6,7,8,4,9
33문현곱창,아시아,0.0,부산광역시,연제구,연산동,,1835-3,연수로202,129.092666662149,35.1736852797395,N,,,,,,,3,6,2,0,32,6
띵똥,아시아,0.0,부산광역시,동래구,안락동,,631-94,온천천로453번길5,129.102624099258,35.1916425750979,N,,,,,,,24,6,3,1,1,8
로타리양곱창센타,아시아,0.0,부산광역시,연제구,연산동,,726-11,반송로13-7,129.082206775657,35.1870981002071,N,,,,,,,6,6,34,41,0,1
ANAN,아시아,0.0,부산광역시,사상구,덕포동,,428-7,사상로277번길9,128.981833108208,35.169552274165,N,,,,,,,4,6,4,7,3,3
365피자,양식,0.0,부산광역시,해운대구,반송동,,275-369,아랫반송로21번길122,129.148732087637,35.228577903922,N,,,,,,,3,2,0,4,9,6
Felicita71,양식,0.0,부산광역시,해운대구,중동,,1271-71,해운대해변로357번길6,129.168552411114,35.1644298202922,N,,,,,,,0,3,7,0,6,4
23다트앤라운지,양식,1.0,부산광역시,중구,신창동1가,,13-4,중구로24번길23-1,129.030398737648,35.100271262114,N,,,,,,,1,2,8,20,6,8
13호순이네해녀,일식,0.0,부산광역시,기장군,기장읍,대변리,245-23,기장해안로668,129.233328345671,35.2204174601145,Y,,,,,,,5,9,1,1,42,8
29호신호수산,일식,0.0,부산광역시,강서구,신호동,,318-2,신호산단1로60,128.872691048522,35.0836680956587,Y,,,,,,,6,0,43,2,3,28
3대정선회무침,일식,0.0,부산광역시,해운대구,반송동,,62-331,윗반송로83,129.157504678494,35.2313232993952,N,,,,,,,0,3,1,9,0,9
4호사돈집,일식,0.0,부산광역시,기장군,기장읍,대변리,245-23,기장해안로668,129.233310528923,35.2204424183548,Y,,,,,,,40,27,40,2,9,9
6호딱따구리,일식,0.0,부산광역시,기장군,기장읍,대변리,245-23,기장해안로668,129.233310528923,35.2204424183548,Y,,,,,,,43,43,4,5,2,9
7.7포항물회,일식,0.0,부산광역시,영도구,대교동1가,,106-7,절영로36번길14,129.038423998219,35.0916544831886,N,,,,,,,7,2,8,4,2,7
7.7포항물회,일식,0.0,부산광역시,영도구,대교동1가,,106-7,절영로36번길14-1,129.038379969427,35.0916703115112,N,,,,,,,2,4,8,1,7,3
88수산,일식,0.0,부산광역시,강서구,명지동,,1-377,신포길17번길21,128.931308903652,35.1128060453776,N,,,,,,,6,6,1,3,1,0
9월횟집,일식,0.0,부산광역시,중구,남포동6가,,22,자갈치로24번길4-1,129.026877279427,35.0961736280653,N,,,,,,,1,6,7,26,6,0
9호옛날백씨집,일식,0.0,부산광역시,기장군,기장읍,대변리,245-23,기장해안로668,129.233328345671,35.2204174601145,Y,,,,,,,25,3,8,2,7,9
가람횟집,일식,0.0,부산광역시,사상구,괘법동,,546-15,광장로81번길5,128.985180448182,35.1627256161598,N,,,,,,,25,7,23,7,2,8
가야수산,일식,0.0,부산광역시,강서구,강동동,,2932-10,제도로794,128.919501277402,35.1830601845581,Y,,,,,,,26,4,2,5,0,9
가오내횟집,일식,0.0,부산광역시,영도구,영선동2가,,3-2,남항로41번길32-12,129.04221731958,35.0897577281664,Y,,,,,,,1,7,4,28,0,0
가온카츠,일식,0.0,부산광역시,남구,용호동,,65-2,이기대공원로26번길13,129.115401473016,35.1240515653077,N,,,,,,,35,8,8,8,0,3
가자사케,일식,1.0,부산광역시,강서구,명지동,,3453-5,명지국제6로222,128.922868134797,35.0952062623022,Y,,,,,,,6,0,26,29,5,4
노랑단무지,중식,0.0,부산광역시,북구,화명동,,2277-4,금곡대로287,129.013321547698,35.234210034685,Y,,,,,,,5,2,7,1,1,6
117스트릿,한식,0.0,부산광역시,해운대구,중동,,1483-3,달맞이길117번나길117,129.183489170069,35.161957969476,N,,,,,,,4,5,1,6,0,5
150그램,한식,0.0,부산광역시,사상구,엄궁동,,42-29,엄궁북로51,128.97607891686,35.1281730746921,N,,,,,,,7,7,4,0,1,0
153청해,한식,0.0,부산광역시,연제구,연산동,,622-8,쌍미천로151번길22,129.086053814506,35.1862070279348,N,,,,,,,2,1,5,5,7,1
1980 아구신,한식,0.0,부산광역시,부산진구,부전동,,256-6,서면로56,129.058139733199,35.1556540266798,N,,,,,,,7,3,9,4,5,42
1988정통바베큐,한식,0.0,부산광역시,부산진구,양정동,,397-6,동평로406번길44,129.068712317158,35.1719156889968,N,,,,,,,8,3,1,2,4,38
1992가족,한식,0.0,부산광역시,사상구,괘법동,,266-6,광장로81번길100,128.98379016973,35.1667519657636,N,,,,,,,1,4,8,9,8,1
1등급한우갈비살,한식,0.0,부산광역시,사상구,주례동,,1162-101,가야대로282번길36,129.00198234409,35.149244844062,N,,,,,,,5,4,4,0,0,8
1번장터국밥,한식,0.0,부산광역시,북구,구포동,,596-13,낙동대로1776번길33,129.004454208461,35.2083822107556,N,,,,,,,7,9,3,3,3,4
1인찜닭삼계탕전문 단물곤물 해운대점,한식,0.0,부산광역시,해운대구,좌동,,1461-1,좌동로88,129.17495253536,35.1719644076465,N,,,,,,,9,25,2,1,4,6
1호할매칼국수,한식,0.0,부산광역시,연제구,거제동,,486-1,거제시장로14번길28,129.072795952533,35.1819100933865,N,,,,,,,9,1,8,5,20,0
20년전통 시장족발,한식,0.0,부산광역시,금정구,장전동,,154-3,금강로335번길21,129.085285431703,35.2377755756864,N,,,,,,,2,7,3,7,6,39
20년전통할매집,한식,0.0,부산광역시,해운대구,송정동,,188-13,송정강변로43,129.205023849978,35.1853112878559,Y,,,,,,,0,1,1,36,7,27
23년돼지국밥,한식,0.0,부산광역시,중구,중앙동6가,,79-9,대교로103,129.037469319734,35.0994165807824,N,,,,,,,2,4,3,9,7,7
24시국수,한식,0.0,부산광역시,남구,감만동,,77-8,우암로78-1,129.081058459372,35.1174341061003,N,,,,,,,9,0,7,8,6,4
30년전통손칼국수,한식,0.0,부산광역시,남구,용호동,,495-21,동명로146번길98,129.111652116988,35.1149198178674,N,,,,,,,5,23,1,5,4,2
337김치찌개,한식,0.0,부산광역시,해운대구,재송동,,1208-2,센텀중앙로97,129.124497695716,35.1751758386255,N,,,,,,,3,25,1,25,7,9
33돼지숯불갈비,한식,0.0,부산광역시,남구,용호동,,371-17,동명로145번길15,129.112820335561,35.1202674729177,Y,,,,,,,0,2,4,8,0,9
33한돼지청학점,한식,0.0,부산광역시,영도구,청학동,,60-8,태종로414,129.066320180271,35.0901637822448,N,,,,,,,5,3,9,2,1,4
365식당,한식,0.0,부산광역시,부산진구,전포동,,194-13,전포대로252,129.065823135528,35.1591888735723,N,,,,,,,43,38,3,22,7,6
365후루룩촌국수 서면점,한식,0.0,부산광역시,부산진구,부전동,,396-12,새싹로14번길5,129.058112588699,35.1593423108954,N,,,,,,,6,4,4,9,1,0
38숯불갈매기,한식,0.0,부산광역시,동래구,명륜동,,550-3,명륜로129번다길39,129.079342296692,35.2070590286866,N,,,,,,,4,1,2,1,2,4
3번식당,한식,0.0,부산광역시,동래구,복천동,,229-42,동래시장길14,129.085938655164,35.2038088148809,Y,,,,,,,5,9,8,25,4,2
3통식당,한식,0.0,부산광역시,강서구,대저1동,,2723-9,체육공원로6번길139-2,128.980724856288,35.2084388268962,N,,,,,,,4,2,2,6,8,8
5월의반찜 반반찜닭 남포점,한식,0.0,부산광역시,서구,토성동5가,,15-5,구덕로124번길33,129.022565625297,35.0982135897292,N,,,,,,,4,0,5,28,6,1
5평바다,한식,0.0,부산광역시,사하구,하단동,,489-1,낙동대로549번길17,128.962848059269,35.1124086423135,N,,,,,,,0,6,28,8,1,3
776황금돼지 사하구점,한식,0.0,부산광역시,사하구,하단동,,506-21,승학로3번길79,128.966916963037,35.1097317622786,N,,,,,,,2,2,30,8,9,5
77돼지숯불갈비,한식,0.0,부산광역시,동구,수정동,,188-3,진성로9번길30,129.047190624181,35.1287731779465,N,,,,,,,0,4,9,9,7,0
782숯불쪽갈비,한식,0.0,부산광역시,금정구,남산동,,126-13,중앙대로1985번길60,129.088187445852,35.2621319409554,N,,,,,,,3,6,5,3,9,9
7번순옥이집,한식,0.0,부산광역시,중구,남포동5가,,37-1,자갈치해안로52,129.030397953616,35.0966666870185,Y,,,,,,,7,4,0,4,9,5
7호장군네,한식,0.0,부산광역시,기장군,기장읍,대변리,245-23,기장해안로668,129.233310528923,35.2204424183548,Y,,,,,,,6,7,8,8,7,7
88한장어구이 본점,한식,0.0,부산광역시,동래구,온천동,,1380-2,아시아드대로220번길30,129.068297328745,35.2028809884206,N,,,,,,,7,7,6,5,3,2
88회관,한식,0.0,부산광역시,사하구,괴정동,,553-9,장평로441,128.986117250256,35.0975445657461,Y,,,,,,,8,2,4,3,1,5
990불고기,한식,0.0,부산광역시,남구,대연동,,910-7,수영로266번길86-2,129.099134118881,35.1333190003251,N,,,,,,,7,2,4,9,2,4
99닭볶음탕,한식,0.0,부산광역시,부산진구,개금동,,57,백양대로208번길38-9,129.027065484751,35.1602616359023,Y,,,,,,,3,9,5,2,0,1
99삼계탕,한식,0.0,부산광역시,연제구,연산동,,1155-1,대리로12번길14-4,129.084919871798,35.1805729916349,N,,,,,,,0,5,5,5,1,2
9성급과메기전문점,한식,0.0,부산광역시,부산진구,부전동,,241-20,중앙대로679-6,129.05874705277,35.1535138205624,N,,,,,,,5,8,1,3,40,9
가고파분식,한식,0.0,부산광역시,남구,우암동,,154-2,우암로184-3,129.076706116863,35.1247949309743,N,,,,,,,2,6,0,6,6,8
가나다분식,한식,0.0,부산광역시,해운대구,우동,,147-3,우동2로14,129.160601242773,35.1659813758519,N,,,,,,,4,2,2,26,0,0
가담암소정,한식,0.0,부산광역시,기장군,철마면,구칠리,492-1,갓안길8,129.16247375087,35.2679553597812,N,,,,,,,7,4,43,2,0,7
가락촌식당,한식,0.0,부산광역시,사상구,엄궁동,,645-3,농산물시장로25번길70,128.967512736166,35.1302128164008,Y,,,,,,,8,2,5,7,7,5
가마골추어탕,한식,0.0,부산광역시,부산진구,가야동,,506-8,가야공원로57,129.030240192599,35.1481961405934,Y,,,,,,,3,4,36,0,2,27
가마솥거인통닭하단점,한식,0.0,부산광역시,사하구,하단동,,592-11,낙동남로1406번길2,128.96533128451,35.1057552009008,N,,,,,,,6,1,3,5,2,5
가마솥모듬순대,한식,0.0,부산광역시,북구,구포동,,132-1,덕천로14,129.006430884214,35.2072450315634,N,,,,,,,0,4,0,0,7,3
가마솥미꾸리추어탕,한식,0.0,부산광역시,동래구,안락동,,432-50,충렬대로375번길13,129.099761261722,35.1981383883857,N,,,,,,,5,8,9,9,1,9
가마솥선지육개장,한식,0.0,부산광역시,수영구,망미동,,418-39,망미번영로63번길13,129.109721773433,35.1734497723739,N,,,,,,,31,5,2,2,6,5
가마솥식당,한식,0.0,부산광역시,사상구,덕포동,,388-11,사상로342번길9,128.984960120424,35.1750935333368,N,,,,,,,0,25,2,6,5,0
가마솥오뎅가,한식,0.0,부산광역시,북구,덕천동,,402-34,만덕대로28번길22,129.008402886798,35.209771664167,N,,,,,,,4,1,23,8,7,7
가야골산장,한식,0.0,부산광역시,부산진구,가야동,,472,가야공원로77-9,129.029603066787,35.1461018057472,N,,,,,,,7,8,24,7,0,4
가야공원칼국수,한식,0.0,부산광역시,부산진구,가야동,,603-26,가야공원로50,129.02984483095,35.1489897746868,Y,,,,,,,0,2,2,9,2,1
가야뒷고기,한식,0.0,부산광역시,부산진구,가야동,,264-15,가야대로588번길28,129.035188932769,35.1537237913808,N,,,,,,,0,4,9,3,4,6
가야밀면&대박 생돈까스 전문점,한식,0.0,부산광역시,영도구,동삼동,,357,동삼로32,129.071752610715,35.0765847445569,N,,,,,,,0,4,9,34,5,42
가야왕족발,한식,,부산광역시,부산진구,가야동,,58-13,가야대로589번길15,129.036818567403,35.1554025738152,N,,,,,,,7,6,9,9,3,8
가연,한식,0.0,부산광역시,사상구,괘법동,,821-5,사상로277번길6,128.982129189067,35.1697103615226,N,,,,,,,3,4,0,4,0,6
가을추,한식,0.0,부산광역시,사하구,괴정동,,568-16,낙동대로309번길27,128.9828508457,35.0983897187692,N,,,,,,,24,6,0,6,1,5
가정식맛그대로,한식,0.0,부산광역시,사상구,학장동,,275-38,가야대로176번길40,128.991101409434,35.1476913426487,N,,,,,,,4,7,7,1,7,3
가정집밥상,한식,0.0,부산광역시,부산진구,연지동,,31-29,성지로34번길3,129.055166092783,35.1737259109702,N,,,,,,,8,2,7,4,4,33
가정집식당,한식,0.0,부산광역시,중구,동광동5가,,36-22,동광길79-11,129.034728384622,35.1062771993211,N,,,,,,,1,1,5,9,9,1
가족회관 신세계백화점 센텀시티점,한식,0.0,부산광역시,해운대구,우동,,1495,센텀남대로35,129.129518384991,35.168815792882,Y,,,,,,,1,1,0,34,2,2
낭만고등어,한식,0.0,부산광역시,해운대구,좌동,,893,좌동로99-19,129.174801653699,35.1732162753749,N,,,,,,,5,2,1,3,0,37
냉면쟁이 고기꾼 북구점,한식,0.0,부산광역시,북구,화명동,,1365,화명대로75,129.016615746034,35.2345744262986,Y,,,,,,,7,1,2,2,9,3
노다지파전,한식,0.0,부산광역시,사하구,하단동,,498-25,낙동대로519번길2,128.965166501271,35.1104768147165,N,,,,,,,1,1,32,3,6,1
능이고을,한식,0.0,부산광역시,사하구,다대동,,1552-8,다대로686-2,128.966149070464,35.0486102700548,Y,,,,,,,4,31,5,5,4,6
다경식당,한식,0.0,부산광역시,사상구,모라동,,708-22,사상로447번길32,128.984887947015,35.185028769565,N,,,,,,,9,0,23,8,0,7
다금정,한식,0.0,부산광역시,강서구,대저2동,,1843-18,공항로811번길42,128.955632625752,35.1803115697983,Y,,,,,,,8,2,5,30,1,5
다해생선구이,한식,0.0,부산광역시,사하구,당리동,,41-4,제석로93번길2,128.977102353466,35.1082032381574,Y,,,,,,,6,1,2,26,1,4
뜨락전통해물칼국수,한식,0.0,부산광역시,기장군,장안읍,장안리,423,장안로367,129.243923680447,35.3700550577266,N,,,,,,,8,29,1,5,8,9
라무야,한식,0.0,부산광역시,남구,문현동,,736-3,전포대로91번길17,129.065562633292,35.14484289331,Y,,,,,,,9,4,8,6,2,0
로야 생선구이전문점,한식,0.0,부산광역시,사상구,감전동,,795-2,새벽시장로46번길9,128.978605060778,35.1550082354561,N,,,,,,,35,9,0,0,4,2
부산어묵 사상경전철점,한식,0.0,부산광역시,사상구,괘법동,,572-1,광장로83,128.985940736054,35.1623018179889,N,,,,,,,6,2,9,0,2,2
부전역연탄산꼼장어,한식,0.0,부산광역시,부산진구,양정동,,389-16,중앙대로909번길39,129.069289148785,35.1730544246387,N,,,,,,,7,6,5,3,7,34
불고기가맛있는비빔국수,한식,0.0,부산광역시,해운대구,중동,,181-1,좌동로63번길46,129.172286852356,35.1720109843713,N,,,,,,,3,8,1,7,8,9
AM보성 & 이모집PM,한식,0.0,부산광역시,사상구,학장동,,610-5,대동로149,128.983001955076,35.1411678237066,N,,,,,,,24,8,1,3,6,7
BS치킨,한식,0.0,부산광역시,중구,보수동1가,,65-16,법수길7,129.025754983273,35.104454171909,N,,,,,,,9,6,8,7,5,9
CH숯불치킨,한식,0.0,부산광역시,부산진구,부암동,,329-2,동평로127번길19,129.043106346337,35.167121183449,N,,,,,,,1,7,8,6,42,9
FARMERS,한식,0.0,부산광역시,해운대구,중동,,1501-23,달맞이길117번가길120-8,129.18046135492,35.157273529097,Y,,,,,,,2,43,22,7,8,25
780오까네포차,한식,1.0,부산광역시,중구,남포동6가,,3,자갈치로33,129.02768595727,35.0968825717827,N,,,,,,,8,7,0,0,4,1
가나민속촌,한식,1.0,부산광역시,사하구,하단동,,870-63,낙동남로1353번길45,128.959714338258,35.1086023347577,N,,,,,,,5,5,6,36,5,6
